<!-- shop -->
<scene name = "shopDestroyed" map= "shop.tmx">
  <sectors>
    <sector>
      <!--sector 1-->
      <camera locked="true"/>
      <music file="audio/music/kakarikoDestroyed.ogg"/>

      <entities>

        <npcs>
	 <sample type = "1" x = "15" y = "21" id="15"/>
        </npcs>

        <enemies>
		

        </enemies>

        <special>
          <!--rocks, grass, etc-->
		<arrow_buy object_type = "30" x = "20" y = "15"/>
		<life_potion object_type = "15" x = "11" y = "16"/>
		<stamina_potion object_type = "22" x = "16" y = "16"/>

<chest object_type="9" x = "9" y = "20" item_inside="21" id = "19"/>

        </special>
      </entities>

      <exits>
        <exit destinyScene = "kakarikoDestroyed" destinyExit = "1" x = "15" y = "30" w="2" h="1" direction = "0"/>
      </exits>

    </sector>
  </sectors>
</scene>