<!-- Enemy Attributes -->
<attributes>
	<green_soldier>
		<base life = "3" speed = "30" damage ="1"/>
		<collider x = "9" y = "13" w = "16" h = "15" type = "3"/>
		<ranges hostile= "185" fight = "55" out="60" />
		<ratios attack = "500" charge_time = "1000"/>  <!-- In Miliseconds -->
		<combat_speeds chase_speed = "50" flanking_speed = "30" attack_speed = "115"/>
		<animation file = "animations/enemies/green_soldier_animations.xml"/>
  		<texture file = "textures/Enemy_sprites/Enemy.png"/>
	</green_soldier>
	<red_soldier>
		<base life = "5" speed = "35" damage ="2"/>
		<collider x = "9" y = "13" w = "16" h = "15" type = "3"/>
		<ranges hostile= "185" fight = "55" out="60" />
		<ratios attack = "500" charge_time = "1000"/>  <!-- In Miliseconds -->
		<combat_speeds chase_speed = "55" flanking_speed = "40" attack_speed = "120"/>
		<animation file = "animations/enemies/red_soldier_animations.xml"/>
  		<texture file = "textures/Enemy_sprites/Enemy.png"/>
	</red_soldier>

	<dark_zelda>
		<base life = "1" life_2 = "20" speed = "50" damage ="1" rage_life="4"/>
		<collider x = "9" y = "17" w = "20" h = "20" type = "3"/>
		<ranges hostile= "1000" fight = "80" teleport="180" stab="60"/>
		<limits walk_time_limit="500" dodge_limit = "300" hold_pos="800" hold_stab="800" rage_limit="3000" spin_limit="3000"/>
		<ratios attack = "1000" attack_2="500" charge_time = "300"/>  <!-- In Miliseconds -->
		<combat_speeds dodge_speed = "200" attack_speed = "110" slash_speed="220" stab_speed="300"/>
		<scnd_phase_speeds slash_speed="500" stab_speed="330"/>
		<bolt life_time="4000" spawn="10000"/>
		<animation file = "animations/enemies/dark_zelda_animations.xml"/>
  		<texture file = "textures/Enemy_sprites/DarkZelda.png"/>
	</dark_zelda>

	<octorok>
		<base life = "1" speed = "30" damage ="2"/>
		<collider x = "5" y = "7" w = "10" h = "15" type = "3"/>
		<ranges hostile= "185" out="185" />
		<ratios attack = "660"/>  <!-- In Miliseconds -->
		<animation file = "animations/enemies/octorok_animations.xml"/>
  		<texture file = "textures/Enemy_sprites/Enemy.png"/>
	</octorok>

	<wizdrove>
		<base life = "1" speed = "30" damage ="1"/>
		<collider x = "9" y = "22" w = "15" h = "18" type = "3"/>
		<ranges hostile= "280" out="280" />
		<ratios attack = "1000"/>  <!-- In Miliseconds -->
		<animation file = "animations/enemies/wizdrove_animations.xml"/>
  		<texture file = "textures/Enemy_sprites/Enemy.png"/>
	</wizdrove>

	<eyegore>
		<base life = "9" speed = "1" rage_speed="35" rage_life ="3" damage ="1"/>
		<collider x = "12" y = "22" w = "20" h = "20" type = "3"/>
  		<ranges hostile= "185" out="185" />
		<ratios attack = "1000"/>  <!-- In Miliseconds -->
		<animation file = "animations/enemies/eyegore_animations.xml"/>
  		<texture file = "textures/Enemy_sprites/Enemy.png"/>
	</eyegore>

	<tektite>
		<base life = "2" speed = "10"  damage ="1"/>
		<collider x = "10" y = "15" w = "20" h = "20" type = "3"/>
  		<ranges hostile= "185" out="185" />
		<animation file = "animations/enemies/tektite_animations.xml"/>
  		<texture file = "textures/Enemy_sprites/Enemy.png"/>
	</tektite>
</attributes>
