<!-- Zelda Animations -->
<animations>
	
		<name value = "0" /> 

		<IDLE> <!-- Idle -->
			<name value = "0"  />

			<UP> 
				<values name = "0" x ="93" y = "1" w = "20" h = "36" frameNumber = "2" margin = "1" pivot_x = "10" pivot_y = "34" flip= "0"/>
			</UP>

			<DOWN> 
				<values name = "1" x ="1" y = "1" w = "20" h = "36" frameNumber = "2" margin = "1" pivot_x = "10" pivot_y = "34" flip= "0"/>
			</DOWN>

			<RIGHT> 
				<values name = "2" x ="43" y = "1" w = "24" h = "36" frameNumber = "2" margin = "1" pivot_x = "12" pivot_y = "34" flip= "0"/>
			</RIGHT>

			<LEFT> 
				<values name = "3" x ="43" y = "1" w = "24" h = "36" frameNumber = "2" margin = "1" pivot_x = "12" pivot_y = "34" flip= "1"/>
			</LEFT>
					
			<loop value = "true" />

			<speed value = "0.1" />

		</IDLE>

		<WALKING> 
			<name value = "1"  />

			<UP> 
				<values name = "0" x ="93" y = "38" w = "20" h = "36" frameNumber = "4" margin = "1" pivot_x = "10" pivot_y = "34" flip= "0"/>
			</UP>

			<DOWN> 
				<values name = "1" x ="1" y = "38" w = "20" h = "36" frameNumber = "4" margin = "1" pivot_x = "10" pivot_y = "34" flip= "0"/>
			</DOWN>

			<RIGHT> 
				<values name = "2" x ="1" y = "75" w = "24" h = "36" frameNumber = "4" margin = "1" pivot_x = "12" pivot_y = "34" flip= "0"/>
			</RIGHT>

			<LEFT> 
				<values name = "3" x ="1" y = "75" w = "24" h = "36" frameNumber = "4" margin = "1" pivot_x = "12" pivot_y = "34" flip= "1"/>
			</LEFT>
					
			<loop value = "true" />

			<speed value = "0.1" />

		</WALKING>

		
		<CHARGE_BOW>
			<name value = "5"  />
			
			<DOWN>
				<values name = "1" x ="1" y = "111" w = "22" h = "36" frameNumber = "3" margin = "1" pivot_x = "12" pivot_y = "34" flip= "0"/>
			</DOWN>	

			<loop value = "false" />

			<speed value = "0.1" />

		</CHARGE_BOW>

  		<UNCHARGE_BOW>
   			<name value = "7"  />

			<DOWN> 
				<values name = "1" x ="68" y = "111" w = "22" h = "36" frameNumber = "2" margin = "1" pivot_x = "12" pivot_y = "34" flip= "0"/>
			</DOWN>
    
   			<loop value = "false" />

			<speed value = "0.1" />

  		</UNCHARGE_BOW>

		<WALK_BOW>
   			<name value = "8"  />

			<DOWN> 
				<values name = "1" x ="90" y = "111" w = "22" h = "36" frameNumber = "4" margin = "1" pivot_x = "12" pivot_y = "34" flip= "0"/>
			</DOWN>
    
   			<loop value = "true" />

			<speed value = "0.1" />

  		</WALK_BOW>

		<TELEPORT_APPEAR>
			<name value = "10"  />

			<UP> 
				<values name = "0" x ="1" y = "186" w = "20" h = "36" frameNumber = "8" margin = "1" pivot_x = "10" pivot_y = "34" flip= "0"/>
			</UP>
			
			<DOWN> 
				<values name = "1" x ="1" y = "186" w = "20" h = "36" frameNumber = "8" margin = "1" pivot_x = "10" pivot_y = "34" flip= "0"/>
			</DOWN>

			<RIGHT> 
				<values name = "2" x ="1" y = "262" w = "24" h = "36" frameNumber = "8" margin = "1" pivot_x = "12" pivot_y = "34" flip= "0"/>
			</RIGHT>

			<LEFT> 
				<values name = "3" x ="1" y = "262" w = "24" h = "36" frameNumber = "8" margin = "1" pivot_x = "12" pivot_y = "34" flip= "1"/>
			</LEFT>

			<loop value = "false" />

			<speed value = "0.9" />

		</TELEPORT_APPEAR>
		
		<TELEPORT_DISAPPEAR>
			<name value = "11"  />

			<UP>
				<values name = "0" x ="1" y = "149" w = "20" h = "36" frameNumber = "9" margin = "1" pivot_x = "10" pivot_y = "34" flip= "0"/>
			</UP>

			<DOWN>
				<values name = "1" x ="1" y = "149" w = "20" h = "36" frameNumber = "9" margin = "1" pivot_x = "10" pivot_y = "34" flip= "0"/>
			</DOWN>

			<RIGHT>
				<values name = "2" x ="1" y = "225" w = "24" h = "36" frameNumber = "9" margin = "1" pivot_x = "12" pivot_y = "34" flip= "0"/>
			</RIGHT>

			<LEFT>
				<values name = "3" x ="1" y = "225" w = "24" h = "36" frameNumber = "9" margin = "1" pivot_x = "12" pivot_y = "34" flip= "1"/>
			</LEFT>

			<loop value = "false" />

			<speed value = "0.9" />

		</TELEPORT_DISAPPEAR>
		
		<STAB>
			<name value = "12"  />
			
			<DOWN>
				<values name = "1" x ="1" y = "299" w = "32" h = "50" frameNumber = "10" margin = "1" pivot_x = "22" pivot_y = "34" flip= "0"/>
			</DOWN>

			<UP>
				<values name = "0" x ="1" y = "350" w = "32" h = "36" frameNumber = "10" margin = "1" pivot_x = "10" pivot_y = "34" flip= "0"/>
			</UP>

			<RIGHT>
				<values name = "2" x ="1" y = "387" w = "54" h = "37" frameNumber = "8" margin = "1" pivot_x = "27" pivot_y = "35" flip= "0"/>
			</RIGHT>

			<LEFT>
				<values name = "3" x ="1" y = "387" w = "54" h = "37" frameNumber = "8" margin = "1" pivot_x = "27" pivot_y = "35" flip= "1"/>
			</LEFT>
		
			<loop value = "false"  />

			<speed value = "0.6"  />

		</STAB>
  
    <BOLT_SWORD>

			<name value = "15"  />

			<DOWN>
				<values name = "1" x ="1" y = "793" w = "32" h = "51" frameNumber = "9" margin = "1" pivot_x = "22" pivot_y = "34" flip= "0"/>
			</DOWN>

			<UP>
				<values name = "0" x ="1" y = "845" w = "32" h = "38" frameNumber = "9" margin = "1" pivot_x = "10" pivot_y = "36" flip= "0"/>
			</UP>

			<RIGHT>
				<values name = "2" x ="1" y = "884" w = "54" h = "37" frameNumber = "7" margin = "1" pivot_x = "27" pivot_y = "35" flip= "0"/>
			</RIGHT>

			<LEFT>
				<values name = "3" x ="1" y = "884" w = "54" h = "37" frameNumber = "7" margin = "1" pivot_x = "27" pivot_y = "35" flip= "1"/>
			</LEFT>

			<loop value = "false"  />

			<speed value = "0.6"  />

		</BOLT_SWORD>

		<NORMAL_SWORD>
			<name value = "2"  />
			
			<DOWN>
				<values name = "1" x ="1" y = "425" w = "34" h = "48" frameNumber = "8" margin = "1" pivot_x = "16" pivot_y = "34" flip= "0"/>
			</DOWN>

			<UP>
				<values name = "0" x ="1" y = "474" w = "43" h = "43" frameNumber = "8" margin = "1" pivot_x = "24" pivot_y = "41" flip= "0"/>
			</UP>

			<RIGHT>
				<values name = "2" x ="1" y = "518" w = "54" h = "42" frameNumber = "8" margin = "1" pivot_x = "27" pivot_y = "35" flip= "0"/>
			</RIGHT>

			<LEFT>
				<values name = "3" x ="1" y = "518" w = "54" h = "42" frameNumber = "8" margin = "1" pivot_x = "27" pivot_y = "35" flip= "1"/>
			</LEFT>
		
			<loop value = "false"  />

			<speed value = "0.6"  />

		</NORMAL_SWORD>

		<HOLDING_NORMAL_SWORD>
			<name value = "17"  />
			
			<DOWN>
				<values name = "1" x ="247" y = "425" w = "34" h = "48" frameNumber = "1" margin = "1" pivot_x = "16" pivot_y = "34" flip= "0"/>
			</DOWN>

			<UP>
				<values name = "0" x ="309" y = "474" w = "43" h = "43" frameNumber = "1" margin = "1" pivot_x = "24" pivot_y = "41" flip= "0"/>
			</UP>

			<RIGHT>
				<values name = "2" x ="387" y = "518" w = "54" h = "42" frameNumber = "1" margin = "1" pivot_x = "27" pivot_y = "35" flip= "0"/>
			</RIGHT>

			<LEFT>
				<values name = "3" x ="387" y = "518" w = "54" h = "42" frameNumber = "1" margin = "1" pivot_x = "27" pivot_y = "35" flip= "1"/>
			</LEFT>
		
			<loop value = "false"  />

			<speed value = "0.5"  />

		</HOLDING_NORMAL_SWORD>

		<PREPARING_NORMAL_SWORD>
			<name value = "16"  />
			
			<DOWN>
				<values name = "1" x ="1" y = "425" w = "34" h = "48" frameNumber = "1" margin = "1" pivot_x = "16" pivot_y = "34" flip= "0"/>
			</DOWN>

			<UP>
				<values name = "0" x ="1" y = "474" w = "43" h = "43" frameNumber = "1" margin = "1" pivot_x = "24" pivot_y = "41" flip= "0"/>
			</UP>

			<RIGHT>
				<values name = "2" x ="1" y = "518" w = "54" h = "42" frameNumber = "1" margin = "1" pivot_x = "27" pivot_y = "35" flip= "0"/>
			</RIGHT>

			<LEFT>
				<values name = "3" x ="1" y = "518" w = "54" h = "42" frameNumber = "1" margin = "1" pivot_x = "27" pivot_y = "35" flip= "1"/>
			</LEFT>
		
			<loop value = "false"  />

			<speed value = "0.9"  />

		</PREPARING_NORMAL_SWORD>

		<FIRE_SWORD>

			<name value = "13"  />
			
			<DOWN>
				<values name = "1" x ="1" y = "561" w = "44" h = "50" frameNumber = "8" margin = "1" pivot_x = "26" pivot_y = "34" flip= "0"/>
			</DOWN>

			<UP>
				<values name = "0" x ="1" y = "612" w = "55" h = "52" frameNumber = "8" margin = "1" pivot_x = "28" pivot_y = "45" flip= "0"/>
			</UP>

			<RIGHT>
				<values name = "2" x ="1" y = "665" w = "62" h = "45" frameNumber = "8" margin = "1" pivot_x = "31" pivot_y = "36" flip= "0"/>
			</RIGHT>

			<LEFT>
				<values name = "3" x ="1" y = "665" w = "62" h = "45" frameNumber = "8" margin = "1" pivot_x = "31" pivot_y = "36" flip= "1"/>
			</LEFT>
		
			<loop value = "false"  />

			<speed value = "0.6"  />

		</FIRE_SWORD>

		<HOLDING_FIRE_SWORD>

			<name value = "18"  />
			
			<DOWN>
				<values name = "1" x ="316" y = "561" w = "44" h = "50" frameNumber = "1" margin = "" pivot_x = "26" pivot_y = "34" flip= "0"/>
			</DOWN>

			<UP>
				<values name = "0" x ="393" y = "612" w = "55" h = "52" frameNumber = "1" margin = "" pivot_x = "28" pivot_y = "45" flip= "0"/>
			</UP>

			<RIGHT>
				<values name = "2" x ="442" y = "665" w = "62" h = "45" frameNumber = "1" margin = "" pivot_x = "31" pivot_y = "36" flip= "0"/>
			</RIGHT>

			<LEFT>
				<values name = "3" x ="442" y = "665" w = "62" h = "45" frameNumber = "1" margin = "" pivot_x = "31" pivot_y = "36" flip= "1"/>
			</LEFT>
		
			<loop value = "false"  />

			<speed value = "0.5"  />

		</HOLDING_FIRE_SWORD>

		<SPIN_TO_WIN>

			<name value = "6"  />

			<DOWN>
				<values name = "1" x ="1" y = "711" w = "53" h = "44" frameNumber = "9" margin = "1" pivot_x = "26" pivot_y = "35" flip= "0"/>
			</DOWN>

			<loop value = "true"  />

			<speed value = "0.7"  />

		</SPIN_TO_WIN>

		<BOLT>

			<name value = "19"  />

			<DOWN>
				<values name = "1" x ="1" y = "756" w = "26" h = "36" frameNumber = "7" margin = "1" pivot_x = "13" pivot_y = "34" flip= "0"/>
			</DOWN>

			<loop value = "false"  />

			<speed value = "0.3"  />

		</BOLT>

  <HOLDING_STAB>

    <name value = "22"  />

    <DOWN>
      <values name = "1" x ="273" y = "300" w = "29" h = "49" frameNumber = "1" margin = "1" pivot_x = "15" pivot_y = "33" flip= "0"/>
    </DOWN>

    <UP>
      <values name = "0" x ="265" y = "845" w = "32" h = "38" frameNumber = "1" margin = "1" pivot_x = "10" pivot_y = "36" flip= "0"/>
    </UP>

    <RIGHT>
      <values name = "2" x ="332" y = "884" w = "54" h = "37" frameNumber = "1" margin = "1" pivot_x = "27" pivot_y = "35" flip= "0"/>
    </RIGHT>

    <LEFT>
      <values name = "3" x ="332" y = "884" w = "54" h = "37" frameNumber = "1" margin = "1" pivot_x = "27" pivot_y = "35" flip= "1"/>
    </LEFT>

    <loop value = "false"  />

    <speed value = "0.1"  />

  </HOLDING_STAB>

		<HOLDING_BOLT_SWORD>

			<name value = "23"  />

			<DOWN>
				<values name = "1" x ="267" y = "793" w = "32" h = "51" frameNumber = "1" margin = "1" pivot_x = "22" pivot_y = "34" flip= "0"/>
			</DOWN>

			<UP>
				<values name = "0" x ="265" y = "845" w = "32" h = "38" frameNumber = "1" margin = "1" pivot_x = "10" pivot_y = "36" flip= "0"/>
			</UP>

			<RIGHT>
				<values name = "2" x ="332" y = "884" w = "54" h = "37" frameNumber = "1" margin = "1" pivot_x = "27" pivot_y = "35" flip= "0"/>
			</RIGHT>

			<LEFT>
				<values name = "3" x ="332" y = "884" w = "54" h = "37" frameNumber = "1" margin = "1" pivot_x = "27" pivot_y = "35" flip= "1"/>
			</LEFT>

			<loop value = "false"  />

			<speed value = "0.1"  />

		</HOLDING_BOLT_SWORD>

		<DODGE_DOWN>
		
			<name value = "21"  />

			<RIGHT>
				<values name = "2" x ="28" y = "922" w = "26" h = "36" frameNumber = "1" margin = "" pivot_x = "13" pivot_y = "34" flip= "0"/>
			</RIGHT>

			<LEFT>
				<values name = "3" x ="1" y = "922" w = "26" h = "36" frameNumber = "1" margin = "" pivot_x = "13" pivot_y = "34" flip= "0"/>
			</LEFT>

			<loop value = "false"  />

			<speed value = "0.1"  />
			
		</DODGE_DOWN>

		<DODGE_RIGHT>
		
			<name value = "22"  />

			<DOWN>
				<values name = "1" x ="80" y = "922" w = "24" h = "36" frameNumber = "1" margin = "" pivot_x = "12" pivot_y = "34" flip= "0"/>
			</DOWN>

			<UP>
				<values name = "0" x ="55" y = "922" w = "24" h = "36" frameNumber = "1" margin = "" pivot_x = "12" pivot_y = "34" flip= "0"/>
			</UP>

			<loop value = "false"  />

			<speed value = "0.1"  />
			
		</DODGE_RIGHT>

		<DODGE_LEFT>
		
			<name value = "23"  />

			<DOWN>
				<values name = "1" x ="80" y = "922" w = "24" h = "36" frameNumber = "1" margin = "" pivot_x = "12" pivot_y = "34" flip= "1"/>
			</DOWN>

			<UP>
				<values name = "0" x ="55" y = "922" w = "24" h = "36" frameNumber = "1" margin = "" pivot_x = "12" pivot_y = "34" flip= "1"/>
			</UP>

			<loop value = "false"  />

			<speed value = "0.1"  />
			
		</DODGE_LEFT>
		
		<DODGE_UP>
		
			<name value = "24"  />

			<RIGHT>
				<values name = "2" x ="132" y = "922" w = "26" h = "36" frameNumber = "1" margin = "" pivot_x = "13" pivot_y = "34" flip= "0"/>
			</RIGHT>

			<LEFT>
				<values name = "3" x ="105" y = "922" w = "26" h = "36" frameNumber = "1" margin = "" pivot_x = "13" pivot_y = "34" flip= "0"/>
			</LEFT>

			<loop value = "false"  />

			<speed value = "0.1"  />
			
		</DODGE_UP>
</animations>
