﻿<!-- Red Soldier Animations -->
<animations>
	
	<name value = "0" />

	<IDLE> <!-- Idle -->
	 <name value = "0"  />

	 	<UP> 
     			 <values name = "0" x ="265" y = "408" w = "24" h = "36" frameNumber = "1" margin = "" pivot_x = "11" pivot_y = "33" flip= "0"/>
		 </UP>

		<DOWN> 
			<values name = "1" x ="188" y = "415" w = "24" h = "37" frameNumber = "1" margin = "" pivot_x = "12" pivot_y = "25" flip= "0"/>
		</DOWN>

		<RIGHT> 
 			<values name = "2" x ="0" y = "415" w = "50" h = "30" frameNumber = "1" margin = "" pivot_x = "25" pivot_y = "25" flip= "0"/>
				
		</RIGHT>

		<LEFT> 
			<values name = "3" x ="0" y = "415" w = "50" h = "30" frameNumber = "1" margin = "" pivot_x = "25" pivot_y = "25" flip= "1"/>
		</LEFT>
					
		<loop value = "true" />

		<speed value = "0.3" />

	</IDLE>

	<WALKING> <!-- Walking -->
			<name value = "1"  />

			<UP> 
				<values name = "0" x ="238" y = "408" w = "25" h = "36" frameNumber = "3" margin = "0" pivot_x = "12" pivot_y = "32" flip= "0"/>
			</UP>

			<DOWN> 
				<values name = "1" x ="163" y = "415" w = "25" h = "40" frameNumber = "3" margin = "0" pivot_x = "12" pivot_y = "25" flip= "0"/>
			</DOWN>

			<RIGHT> 
				<values name = "2" x ="0" y = "412" w = "50" h = "36" frameNumber = "3" margin = "0" pivot_x = "25" pivot_y = "25" flip= "0"/>
			</RIGHT>

			<LEFT> 
				<values name = "3" x ="0" y = "412" w = "50" h = "36" frameNumber = "3" margin = "0" pivot_x = "25" pivot_y = "25" flip= "1"/>
			</LEFT>
					
			<loop value = "true" />

			<speed value = "0.3" />

	</WALKING>

</animations>