﻿<!-- Wizdrove  Animations -->
<animations>
	
	<name value = "0" /> 

		<IDLE> <!-- Idle -->
			<name value = "0"  />

			<UP> 
				<values name = "0" x ="160" y = "288" w = "32" h = "32" frameNumber = "1" margin = "" pivot_x = "17" pivot_y = "29" flip= "0"/>
			</UP>

			<DOWN> 
				<values name = "1" x ="32" y = "288" w = "32" h = "32" frameNumber = "1" margin = "" pivot_x = "17" pivot_y = "29" flip= "0"/>
			</DOWN>

			<RIGHT> 
				<values name = "2" x ="96" y = "288" w = "32" h = "32" frameNumber = "1" margin = "" pivot_x = "17" pivot_y = "29" flip= "1"/>
			</RIGHT>

			<LEFT> 
				<values name = "3" x ="96" y = "288" w = "32" h = "32" frameNumber = "1" margin = "" pivot_x = "17" pivot_y = "29" flip= "0"/>
			</LEFT>
					
			<loop value = "true" />

			<speed value = "0.15" />

		</IDLE>

		

		<ATTACKING> 
			<name value = "2" />
			
			<UP>
				<values name = "0" x = "128" y = "288" w = "32" h = "32" frameNumber = "2" margin = "1" pivot_x = "17" pivot_y = "29" flip = "0"/>
			</UP>
			
			<DOWN>
				<values name = "1" x = "0" y = "288" w = "32" h = "32" frameNumber = "2" margin = "1" pivot_x = "17" pivot_y = "29" flip = "0"/>
			</DOWN>

			<RIGHT>
				<values name = "2" x = "64" y = "288" w = "32" h = "33" frameNumber = "2" margin = "1" pivot_x = "17" pivot_y = "29" flip = "1"/>
			</RIGHT>

			<LEFT>
				<values name = "3" x = "64" y = "288" w = "32" h = "32" frameNumber = "2" margin = "1" pivot_x = "17" pivot_y = "29" flip = "0"/>
			</LEFT>

			<loop value = "false" />

			<speed value = "0.1" />

		</ATTACKING>


</animations>