﻿<!--Chest Animations -->
<animations>

  <name value = "1" />

 <CLOSE>
    <!-- Idle -->
    <name value = "7"  />
    <UP>
      <values name = "0" x ="16" y = "0" w = "16" h = "16" frameNumber = "1" margin = "" pivot_x = "0" pivot_y = "0" flip= "0"/>
    </UP>
    <DOWN>
      <values name = "1" x ="16" y = "0" w = "16" h = "16" frameNumber = "1" margin = "" pivot_x = "0" pivot_y = "0" flip= "0"/>
    </DOWN>
    <RIGHT>
      <values name = "2" x ="16" y = "0" w = "16" h = "16" frameNumber = "1" margin = "" pivot_x = "8" pivot_y = "11" flip= "0"/>
    </RIGHT>
    <LEFT>
      <values name = "3" x ="16" y = "0" w = "16" h = "16" frameNumber = "1" margin = "" pivot_x = "8" pivot_y = "11" flip= "0"/>
    </LEFT>
    <loop value = "true" />

    <speed value = "0.15" />

  </CLOSE>

  <OPEN>
    <!-- Idle -->
    <name value = "8"  />
    <UP>
      <values name = "0" x ="0" y = "0" w = "16" h = "16" frameNumber = "1" margin = "" pivot_x = "8" pivot_y = "11" flip= "0"/>
    </UP>
    <DOWN>
      <values name = "1" x ="0" y = "0" w = "16" h = "16" frameNumber = "1" margin = "" pivot_x = "0" pivot_y = "0" flip= "0"/>
    </DOWN>
    <RIGHT>
      <values name = "2" x ="0" y = "0" w = "16" h = "16" frameNumber = "1" margin = "" pivot_x = "8" pivot_y = "11" flip= "0"/>
    </RIGHT>
    <LEFT>
      <values name = "3" x ="0" y = "0" w = "16" h = "16" frameNumber = "1" margin = "" pivot_x = "8" pivot_y = "11" flip= "0"/>
    </LEFT>
    <loop value = "true" />

    <speed value = "0.15" />

  </OPEN>
</animations>