﻿<!--Interruptor Animations -->
<animations>

  <name value = "1" />

  <OFF>
    <!-- Idle -->
    <name value = "20"  />
    <UP>
      <values name = "0" x ="0" y = "0" w = "16" h = "15" frameNumber = "1" margin = "" pivot_x = "8" pivot_y = "12" flip= "0"/>
    </UP>
    <DOWN>
      <values name = "1" x ="0" y = "0" w = "16" h = "15" frameNumber = "1" margin = "" pivot_x = "8" pivot_y = "12" flip= "0"/>
    </DOWN>
    <LEFT>
      <values name = "2" x ="0" y = "0" w = "16" h = "15" frameNumber = "1" margin = "" pivot_x = "8" pivot_y = "12" flip= "0"/>
    </LEFT>
    <RIGHT>
      <values name = "3" x ="0" y = "0" w = "16" h = "15" frameNumber = "1" margin = "" pivot_x = "8" pivot_y = "12" flip= "0"/>
    </RIGHT>
   
    <loop value = "true" />
    <speed value = "0.15" />

  </OFF>

  <ON>
    <!-- Idle -->
    <name value = "21"  />
    <DOWN>
      <values name = "1" x ="16" y = "0" w = "16" h = "15" frameNumber = "1" margin = "" pivot_x = "8" pivot_y = "12" flip= "0"/>
    </DOWN>

    <loop value = "true" />
    <speed value = "0.15" />

  </ON>
</animations>