﻿<!--OctoStone Animations -->
<animations>

  <name value = "1" />

  <IDLE>
    <!-- Idle -->
	<name value = "0"  />
   			 <UP>
				<values name = "0" x = "76" y = "211" w = "8" h = "13" frameNumber = "1" margin = "1" pivot_x = "0" pivot_y = "0" flip = "0"/>
			</UP>
			
			<DOWN>
				<values name = "1" x = "76" y = "211" w = "8" h = "13" frameNumber = "1" margin = "1" pivot_x = "0" pivot_y = "0" flip = "0"/>
			</DOWN>

			<RIGHT>
				<values name = "2" x = "76" y = "211" w = "8" h = "13" frameNumber = "1" margin = "1" pivot_x = "0" pivot_y = "0" flip = "0"/>
			</RIGHT>

			<LEFT>
				<values name = "3" x = "76" y = "211" w = "8" h = "13" frameNumber = "1" margin = "1" pivot_x = "0" pivot_y = "0" flip = "0"/>
			</LEFT>

			<loop value = "false" />

			<speed value = "1.2" />
 
  </IDLE>
</animations>