<!-- Player Animations -->
<animations>

  <name value = "0" />
  <!-- Link -->

  <IDLE>
    <!-- Idle -->
    <name value = "0"  />

    <UP>
      <values name = "0" x ="52" y = "58" w = "16" h = "24" frameNumber = "1" margin = "" pivot_x = "8" pivot_y = "24" flip= "0"/>
    </UP>

    <DOWN>
      <values name = "1" x ="52" y = "18" w = "16" h = "23" frameNumber = "1" margin = "" pivot_x = "8" pivot_y = "21" flip= "0"/>
    </DOWN>

    <RIGHT>
      <values name = "2" x ="52" y = "100" w = "16" h = "23" frameNumber = "1" margin = "" pivot_x = "8" pivot_y = "21" flip= "0"/>
    </RIGHT>

    <LEFT>
      <values name = "3" x ="52" y = "100" w = "16" h = "23" frameNumber = "1" margin = "" pivot_x = "8" pivot_y = "21" flip= "1"/>
    </LEFT>

    <loop value = "true" />

    <speed value = "0.15" />

  </IDLE>

  <WALKING>
    <!-- Walking -->
    <name value = "1"  />

    <UP>
      <values name = "0" x ="1" y = "58" w = "16" h = "24" frameNumber = "12" margin = "1" pivot_x = "8" pivot_y = "24" flip= "0"/>
    </UP>

    <DOWN>
      <values name = "1" x ="1" y = "18" w = "16" h = "23" frameNumber = "12" margin = "1" pivot_x = "8" pivot_y = "21" flip= "0"/>
    </DOWN>

    <RIGHT>
      <values name = "2" x ="1" y = "100" w = "16" h = "23" frameNumber = "12" margin = "1" pivot_x = "8" pivot_y = "21" flip= "0"/>
    </RIGHT>

    <LEFT>
      <values name = "3" x ="1" y = "100" w = "16" h = "23" frameNumber = "12" margin = "1" pivot_x = "8" pivot_y = "21" flip= "1"/>
    </LEFT>

    <loop value = "true" />

    <speed value = "0.6" />

  </WALKING>

  <ATTACKING>
    <!-- Sword -->
    <name value = "2" />

    <UP>
      <values name = "0" x = "1" y = "170" w = "31" h = "35" frameNumber = "9" margin = "1" pivot_x = "16" pivot_y = "36" flip = "0"/>
    </UP>

    <DOWN>
      <values name = "1" x = "1" y = "130" w = "28" h = "34" frameNumber = "5" margin = "1" pivot_x = "12" pivot_y = "22" flip = "0"/>
    </DOWN>

    <RIGHT>
      <values name = "2" x = "1" y = "213" w = "40" h = "33" frameNumber = "9" margin = "1" pivot_x = "20" pivot_y = "22" flip = "0"/>
    </RIGHT>

    <LEFT>
      <values name = "3" x = "1" y = "213" w = "40" h = "33" frameNumber = "9" margin = "1" pivot_x = "20" pivot_y = "22" flip = "1"/>
    </LEFT>

    <loop value = "false" />

    <speed value = "1.2" />

  </ATTACKING>

  <DODGING>
    <!-- Dodging -->
    <name value = "3" />

    <UP>
      <values name = "0" x ="52" y = "57" w = "16" h = "23" frameNumber = "1" margin = "" pivot_x = "8" pivot_y = "21" flip= "0"/>
    </UP>

    <DOWN>
      <values name = "1" x ="52" y = "18" w = "16" h = "23" frameNumber = "1" margin = "" pivot_x = "8" pivot_y = "21" flip= "0"/>
    </DOWN>

    <RIGHT>
      <values name = "2" x ="52" y = "100" w = "16" h = "23" frameNumber = "1" margin = "" pivot_x = "8" pivot_y = "21" flip= "0"/>
    </RIGHT>

    <LEFT>
      <values name = "3" x ="52" y = "100" w = "16" h = "23" frameNumber = "1" margin = "" pivot_x = "8" pivot_y = "21" flip= "1"/>
    </LEFT>

    <loop value = "true" />

    <speed value = "0.15" />

  </DODGING>


 <DAMAGED>
    <!-- Damaged -->
    <name value = "4"  />

    <UP>
      <values name = "0" x ="52" y = "57" w = "16" h = "23" frameNumber = "1" margin = "" pivot_x = "8" pivot_y = "21" flip= "0"/>
    </UP>

    <DOWN>
      <values name = "1" x ="52" y = "18" w = "16" h = "23" frameNumber = "1" margin = "" pivot_x = "8" pivot_y = "21" flip= "0"/>
    </DOWN>

    <RIGHT>
      <values name = "2" x ="52" y = "100" w = "16" h = "23" frameNumber = "1" margin = "" pivot_x = "8" pivot_y = "21" flip= "0"/>
    </RIGHT>

    <LEFT>
      <values name = "3" x ="52" y = "100" w = "16" h = "23" frameNumber = "1" margin = "" pivot_x = "8" pivot_y = "21" flip= "1"/>
    </LEFT>

    <loop value = "true" />

    <speed value = "0.15" />

  </DAMAGED>
  
   <SPINNING>
    <!-- spin -->
    <name value = "6" />

    <UP>
      <values name = "0" x = "0" y = "496" w = "50" h = "64" frameNumber = "10" margin = "0" pivot_x = "25" pivot_y = "36" flip = "0"/>
    </UP>

    <DOWN>
      <values name = "1" x = "0" y = "496" w = "50" h = "64" frameNumber = "10" margin = "0" pivot_x = "25" pivot_y = "36" flip = "0"/>
    </DOWN>

    <RIGHT>
      <values name = "2" x = "0" y = "496" w = "50" h = "64" frameNumber = "10" margin = "0" pivot_x = "25" pivot_y = "36" flip = "0"/>
    </RIGHT>

    <LEFT>
      <values name = "3" x = "0" y = "496" w = "50" h = "64" frameNumber = "10" margin = "0" pivot_x = "25" pivot_y = "36" flip = "0"/>
    </LEFT>

    <loop value = "false" />

    <speed value = "0.9" />

  </SPINNING>

  <PULL>
    <!-- Pull -->
    <name value = "1116" />

    <UP>
      <values name = "0" x = "8" y = "266" w = "30" h = "21" frameNumber = "4" margin = "1" pivot_x = "8" pivot_y = "21" flip = "0"/>
    </UP>

    <DOWN>
      <values name = "1" x = "8" y = "349" w = "30" h = "21" frameNumber = "4" margin = "1" pivot_x = "8" pivot_y = "21" flip = "0"/>
    </DOWN>

    <RIGHT>
      <values name = "2" x = "10" y = "431" w = "34" h = "20" frameNumber = "4" margin = "1" pivot_x = "8" pivot_y = "21" flip = "0"/>
    </RIGHT>

    <LEFT>
      <values name = "3" x = "10" y = "431" w = "34" h = "20" frameNumber = "4" margin = "1" pivot_x = "8" pivot_y = "21" flip = "1"/>
    </LEFT>

    <loop value = "true" />

    <speed value = "0.6" />

  </PULL>

  <PUSH>
    <!-- Push -->
    <name value = "22227" />

    <UP>
      <values name = "0" x = "206" y = "347" w = "16" h = "22" frameNumber = "3" margin = "1" pivot_x = "8" pivot_y = "21" flip = "0"/>
    </UP>

    <DOWN>
      <values name = "1" x = "207" y = "267" w = "16" h = "20" frameNumber = "3" margin = "1" pivot_x = "8" pivot_y = "21" flip = "0"/>
    </DOWN>

    <RIGHT>
      <values name = "2" x = "204" y = "429" w = "15" h = "22" frameNumber = "4" margin = "1" pivot_x = "8" pivot_y = "21" flip = "0"/>
    </RIGHT>

    <LEFT>
      <values name = "3" x = "204" y = "429" w = "15" h = "22" frameNumber = "4" margin = "1" pivot_x = "8" pivot_y = "21" flip = "1"/>
    </LEFT>

    <loop value = "true" />

    <speed value = "0.6" />

  </PUSH>

  <LIFT>
    <!-- Lift -->
    <name value = "44448" />

    <UP>
      <values name = "0" x = "10" y = "288" w = "33" h = "40" frameNumber = "6" margin = "1" pivot_x = "8" pivot_y = "21" flip = "0"/>
    </UP>

    <DOWN>
      <values name = "1" x = "9" y = "376" w = "32" h = "34" frameNumber = "6" margin = "1" pivot_x = "8" pivot_y = "21" flip = "0"/>
    </DOWN>

    <RIGHT>
      <values name = "2" x = "10" y = "457" w = "36" h = "35" frameNumber = "6" margin = "1" pivot_x = "8" pivot_y = "21" flip = "0"/>
    </RIGHT>

    <LEFT>
      <values name = "3" x = "10" y = "457" w = "36" h = "35" frameNumber = "6" margin = "1" pivot_x = "8" pivot_y = "21" flip = "1"/>
    </LEFT>

    <loop value = "true" />

    <speed value = "0.6" />

  </LIFT>
  
   <JUMP>
    <!-- jump -->
    <name value = "9"  />

    <UP>
      <values name = "0" x ="52" y = "58" w = "16" h = "24" frameNumber = "1" margin = "" pivot_x = "8" pivot_y = "24" flip= "0"/>
    </UP>

    <DOWN>
      <values name = "1" x ="52" y = "18" w = "16" h = "23" frameNumber = "1" margin = "" pivot_x = "8" pivot_y = "21" flip= "0"/>
    </DOWN>

    <RIGHT>
      <values name = "2" x ="52" y = "100" w = "16" h = "23" frameNumber = "1" margin = "" pivot_x = "8" pivot_y = "21" flip= "0"/>
    </RIGHT>

    <LEFT>
      <values name = "3" x ="52" y = "100" w = "16" h = "23" frameNumber = "1" margin = "" pivot_x = "8" pivot_y = "21" flip= "1"/>
    </LEFT>

    <loop value = "true" />

    <speed value = "0.15" />

  </JUMP>

</animations>
